taxonID,scientificNameID,scientificName,scientificNameAuthorship,acceptedNameID,acceptedName,nameAccordingToID,nameAccordingTo,namePublishedInID,namePublishedIn,namePublishedInYear,originalNameUsageID,originalNameUsage,parentNameUsageID,parentNameUsage,conceptID,nomenclaturalStatus,nomenclaturalCode,taxonomicStatus,higherClassification,kingdom,class,order,family,subfamily,genus,subgenus,phylum,specificEpithet,cultivarEpithet,genericName,infragenericEpithet,infraspecificEpithet,taxonRank,taxonRemarks,verbatimTaxonRank,vernacularName
https://id.biodiversity.org.au/node/apni/2886370,https://id.biodiversity.org.au/name/apni/86051,Doryphora aromatica (F.M.Bailey) L.S.Sm.,(F.M.Bailey) L.S.Sm.,https://id.biodiversity.org.au/node/apni/2886370,Doryphora aromatica (F.M.Bailey) L.S.Sm.,https://id.biodiversity.org.au/reference/apni/42942,"CHAH (2006), Australian Plant Census",,,,,,,,https://id.biodiversity.org.au/instance/apni/610421,,ICN,accepted,Plantae|Charophyta|Equisetopsida|Magnoliidae|Laurales|Atherospermataceae|Doryphora|aromatica,Plantae,Equisetopsida,,Atherospermataceae,,,,,,,,,,,,,
https://id.biodiversity.org.au/node/apni/2918637,https://id.biodiversity.org.au/name/apni/83881,Alstonia muelleriana Domin,Domin,https://id.biodiversity.org.au/node/apni/2918637,Alstonia muelleriana Domin,https://id.biodiversity.org.au/reference/apni/42942,"CHAH (2006), Australian Plant Census",,,,,,,,http://id.biodiversity.org.au/instance/apni/607262,,ICN,accepted,Plantae|Charophyta|Equisetopsida|Magnoliidae|Asteranae|Gentianales|Apocynaceae|Alstonia|muelleriana,Plantae,Equisetopsida,,Apocynaceae,,,,,,,,,,,,,
https://id.biodiversity.org.au/node/apni/2910025,https://id.biodiversity.org.au/name/apni/79589,Neolitsea dealbata (R.Br.) Merr.,(R.Br.) Merr.,https://id.biodiversity.org.au/node/apni/2910025,Neolitsea dealbata (R.Br.) Merr.,https://id.biodiversity.org.au/reference/apni/42942,"CHAH (2006), Australian Plant Census",,,,,,,,https://id.biodiversity.org.au/instance/apni/610752,,ICN,accepted,Plantae|Charophyta|Equisetopsida|Magnoliidae|Laurales|Lauraceae|Neolitsea|dealbata,Plantae,Equisetopsida,,Lauraceae,,,,,,,,,,,,,
https://id.biodiversity.org.au/node/apni/2921179,https://id.biodiversity.org.au/name/apni/61487,Rockinghamia angustifolia (Benth.) Airy Shaw,(Benth.) Airy Shaw,https://id.biodiversity.org.au/node/apni/2921179,Rockinghamia angustifolia (Benth.) Airy Shaw,https://id.biodiversity.org.au/reference/apni/47743,"CHAH (2009), Australian Plant Census",,,,,,,,https://id.biodiversity.org.au/instance/apni/660100,,ICN,accepted,Plantae|Charophyta|Equisetopsida|Magnoliidae|Rosanae|Malpighiales|Euphorbiaceae|Rockinghamia|angustifolia,Plantae,Equisetopsida,,Euphorbiaceae,,,,,,,,,,,,,
https://id.biodiversity.org.au/node/apni/2900852,https://id.biodiversity.org.au/name/apni/85735,Sloanea langii F.Muell.,F.Muell.,https://id.biodiversity.org.au/node/apni/2900852,Sloanea langii F.Muell.,https://id.biodiversity.org.au/reference/apni/48872,"CHAH (2010), Australian Plant Census",,,,,,,,https://id.biodiversity.org.au/instance/apni/664530,,ICN,accepted,Plantae|Charophyta|Equisetopsida|Magnoliidae|Rosanae|Oxalidales|Elaeocarpaceae|Sloanea|langii,Plantae,Equisetopsida,,Elaeocarpaceae,,,,,,,,,,,,,
https://id.biodiversity.org.au/taxon/apni/51289954,https://id.biodiversity.org.au/name/apni/56544,Eucalyptus moluccana Roxb.,Roxb.,https://id.biodiversity.org.au/taxon/apni/51289954,Eucalyptus moluccana Roxb.,https://id.biodiversity.org.au/reference/apni/9787312,"CHAH (31 July 2018), Australian Plant Census",,,,,,,,https://id.biodiversity.org.au/instance/apni/51289947,,ICN,accepted,Plantae|Charophyta|Equisetopsida|Magnoliidae|Rosanae|Myrtales|Myrtaceae|Eucalyptus|moluccana,Plantae,Equisetopsida,,Myrtaceae,,,,,,,,,,,,,
https://id.biodiversity.org.au/node/apni/2891634,https://id.biodiversity.org.au/name/apni/79869,Daphnandra repandula (F.Muell.) F.Muell.,(F.Muell.) F.Muell.,https://id.biodiversity.org.au/node/apni/2891634,Daphnandra repandula (F.Muell.) F.Muell.,https://id.biodiversity.org.au/reference/apni/42942,"CHAH (2006), Australian Plant Census",,,,,,,,https://id.biodiversity.org.au/instance/apni/610418,,ICN,accepted,Plantae|Charophyta|Equisetopsida|Magnoliidae|Laurales|Atherospermataceae|Daphnandra|repandula,Plantae,Equisetopsida,,Atherospermataceae,,,,,,,,,,,,,
https://id.biodiversity.org.au/taxon/apni/51299952,https://id.biodiversity.org.au/name/apni/55514,Castanospora alphandii (F.Muell.) F.Muell.,(F.Muell.) F.Muell.,https://id.biodiversity.org.au/taxon/apni/51299952,Castanospora alphandii (F.Muell.) F.Muell.,https://id.biodiversity.org.au/reference/apni/9787312,"CHAH (31 July 2018), Australian Plant Census",,,,,,,,https://id.biodiversity.org.au/instance/apni/51299336,,ICN,accepted,Plantae|Charophyta|Equisetopsida|Magnoliidae|Rosanae|Sapindales|Sapindaceae|Castanospora|alphandii,Plantae,Equisetopsida,,Sapindaceae,,,,,,,,,,,,,
https://id.biodiversity.org.au/node/apni/2912408,https://id.biodiversity.org.au/name/apni/69806,Eucalyptus dalrympleana Maiden,Maiden,https://id.biodiversity.org.au/node/apni/2912408,Eucalyptus dalrympleana Maiden,https://id.biodiversity.org.au/reference/apni/40090,"Brooker, M.I.H. (28 February 2000), A new classification of the genus Eucalyptus L'Her. (Myrtaceae). Australian Systematic Botany 13(1)",,,,,,,,https://id.biodiversity.org.au/instance/apni/562991,,ICN,accepted,Plantae|Charophyta|Equisetopsida|Magnoliidae|Rosanae|Myrtales|Myrtaceae|Eucalyptus|dalrympleana,Plantae,Equisetopsida,,Myrtaceae,,,,,,,,,,,,,
https://id.biodiversity.org.au/node/apni/2915692,https://id.biodiversity.org.au/name/apni/71357,Eucalyptus delegatensis R.T.Baker,R.T.Baker,https://id.biodiversity.org.au/node/apni/2915692,Eucalyptus delegatensis R.T.Baker,https://id.biodiversity.org.au/reference/apni/42942,"CHAH (2006), Australian Plant Census",,,,,,,,https://id.biodiversity.org.au/instance/apni/612845,,ICN,accepted,Plantae|Charophyta|Equisetopsida|Magnoliidae|Rosanae|Myrtales|Myrtaceae|Eucalyptus|delegatensis,Plantae,Equisetopsida,,Myrtaceae,,,,,,,,,,,,,
https://id.biodiversity.org.au/instance/apni/850456,https://id.biodiversity.org.au/name/apni/81094,Litsea leefeana (F.Muell.) Merr.,(F.Muell.) Merr.,https://id.biodiversity.org.au/node/apni/2905610,Litsea australis B.Hyland,https://id.biodiversity.org.au/reference/apni/42942,"CHAH (2006), Australian Plant Census",,,,,,,,https://id.biodiversity.org.au/instance/apni/850456,,ICN,misapplied,Plantae|Charophyta|Equisetopsida|Magnoliidae|Laurales|Lauraceae|Litsea|australis,Plantae,Equisetopsida,,,,,,,,,,,,,,,
https://id.biodiversity.org.au/node/apni/2899253,https://id.biodiversity.org.au/name/apni/109268,Cardwellia sublimis F.Muell.,F.Muell.,https://id.biodiversity.org.au/node/apni/2899253,Cardwellia sublimis F.Muell.,https://id.biodiversity.org.au/reference/apni/39984,"Hyland, B.P.M. in McCarthy, P.M. (ed.) (1995), Cardwellia. Flora of Australia 16",,,,,,,,https://id.biodiversity.org.au/instance/apni/558312,,ICN,accepted,Plantae|Charophyta|Equisetopsida|Magnoliidae|Proteanae|Proteales|Proteaceae|Cardwellia|sublimis,Plantae,Equisetopsida,,Proteaceae,,,,,,,,,,,,,
https://id.biodiversity.org.au/node/apni/2914946,https://id.biodiversity.org.au/name/apni/88421,Cryptocarya mackinnoniana F.Muell.,F.Muell.,https://id.biodiversity.org.au/node/apni/2914946,Cryptocarya mackinnoniana F.Muell.,https://id.biodiversity.org.au/reference/apni/42942,"CHAH (2006), Australian Plant Census",,,,,,,,https://id.biodiversity.org.au/instance/apni/610566,,ICN,accepted,Plantae|Charophyta|Equisetopsida|Magnoliidae|Laurales|Lauraceae|Cryptocarya|mackinnoniana,Plantae,Equisetopsida,,Lauraceae,,,,,,,,,,,,,
https://id.biodiversity.org.au/instance/apni/850105,https://id.biodiversity.org.au/name/apni/88827,Tetrasynandra laxiflora (Benth.) Perkins,(Benth.) Perkins,https://id.biodiversity.org.au/taxon/apni/51301175,Steganthera laxiflora (Benth.) Whiffin & Foreman,https://id.biodiversity.org.au/reference/apni/44408,"CHAH (2007), Australian Plant Census",,,,,,,,https://id.biodiversity.org.au/instance/apni/850105,,ICN,nomenclatural synonym,Plantae|Charophyta|Equisetopsida|Magnoliidae|Laurales|Monimiaceae|Steganthera|laxiflora,Plantae,Equisetopsida,,,,,,,,,,,,,,,
https://id.biodiversity.org.au/node/apni/2890856,https://id.biodiversity.org.au/name/apni/91496,Ficus leptoclada Benth.,Benth.,https://id.biodiversity.org.au/node/apni/2890856,Ficus leptoclada Benth.,https://id.biodiversity.org.au/reference/apni/33436,"Chew, W.-L. in George, A.S. (ed.) (1989), Moraceae. Flora of Australia 3",,,,,,,,https://id.biodiversity.org.au/instance/apni/571733,,ICN,accepted,Plantae|Charophyta|Equisetopsida|Magnoliidae|Rosanae|Rosales|Moraceae|Ficus|leptoclada,Plantae,Equisetopsida,,Moraceae,,,,,,,,,,,,,
https://id.biodiversity.org.au/node/apni/2890454,https://id.biodiversity.org.au/name/apni/112843,Prunus turneriana (F.M.Bailey) Kalkman,(F.M.Bailey) Kalkman,https://id.biodiversity.org.au/node/apni/2890454,Prunus turneriana (F.M.Bailey) Kalkman,https://id.biodiversity.org.au/reference/apni/28747,"Kalkman, C. (1965), The Old World species of Prunus subg. Laurocerasus including those formerly referred to Pygeum. Blumea 13(1)",,,,,,,,https://id.biodiversity.org.au/instance/apni/546133,,ICN,accepted,Plantae|Charophyta|Equisetopsida|Magnoliidae|Rosanae|Rosales|Rosaceae|Prunus|turneriana,Plantae,Equisetopsida,,Rosaceae,,,,,,,,,,,,,
https://id.biodiversity.org.au/node/apni/7852054,https://id.biodiversity.org.au/name/apni/87707,Flindersia brayleyana F.Muell.,F.Muell.,https://id.biodiversity.org.au/node/apni/7852054,Flindersia brayleyana F.Muell.,https://id.biodiversity.org.au/reference/apni/6875190,"CHAH (2016), Australian Plant Census",,,,,,,,https://id.biodiversity.org.au/instance/apni/7852048,,ICN,accepted,Plantae|Charophyta|Equisetopsida|Magnoliidae|Rosanae|Sapindales|Rutaceae|Flindersia|brayleyana,Plantae,Equisetopsida,,Rutaceae,,,,,,,,,,,,,
https://id.biodiversity.org.au/node/apni/2890707,https://id.biodiversity.org.au/name/apni/82957,Alphitonia whitei Braid,Braid,https://id.biodiversity.org.au/node/apni/2890707,Alphitonia whitei Braid,https://id.biodiversity.org.au/reference/apni/49840,"CHAH (2011), Australian Plant Census",,,,,,,,https://id.biodiversity.org.au/instance/apni/696001,,ICN,accepted,Plantae|Charophyta|Equisetopsida|Magnoliidae|Rosanae|Rosales|Rhamnaceae|Alphitonia|whitei,Plantae,Equisetopsida,,Rhamnaceae,,,,,,,,,,,,,
https://id.biodiversity.org.au/node/apni/2907555,https://id.biodiversity.org.au/name/apni/237401,Acacia aptaneura Maslin & J.E.Reid,Maslin & J.E.Reid,https://id.biodiversity.org.au/node/apni/2907555,Acacia aptaneura Maslin & J.E.Reid,https://id.biodiversity.org.au/reference/apni/53841,"CHAH (2014), Australian Plant Census",,,,,,,,https://id.biodiversity.org.au/instance/apni/780590,,ICN,accepted,Plantae|Charophyta|Equisetopsida|Magnoliidae|Rosanae|Fabales|Fabaceae|Acacia|aptaneura,Plantae,Equisetopsida,,Fabaceae,,,,,,,,,,,,,
https://id.biodiversity.org.au/node/apni/2913200,https://id.biodiversity.org.au/name/apni/73794,Acronychia acidula F.Muell.,F.Muell.,https://id.biodiversity.org.au/node/apni/2913200,Acronychia acidula F.Muell.,https://id.biodiversity.org.au/reference/apni/28462,"Hartley, T.G. (24 September 1974), A revision of the genus Acronychia (Rutaceae). Journal of the Arnold Arboretum 55(3)",,,,,,,,https://id.biodiversity.org.au/instance/apni/486084,,ICN,accepted,Plantae|Charophyta|Equisetopsida|Magnoliidae|Rosanae|Sapindales|Rutaceae|Acronychia|acidula,Plantae,Equisetopsida,,Rutaceae,,,,,,,,,,,,,
https://id.biodiversity.org.au/node/apni/2898866,https://id.biodiversity.org.au/name/apni/112023,Endiandra palmerstonii (F.M.Bailey) C.T.White & W.D.Francis,(F.M.Bailey) C.T.White & W.D.Francis,https://id.biodiversity.org.au/node/apni/2898866,Endiandra palmerstonii (F.M.Bailey) C.T.White & W.D.Francis,https://id.biodiversity.org.au/reference/apni/42942,"CHAH (2006), Australian Plant Census",,,,,,,,https://id.biodiversity.org.au/instance/apni/610690,,ICN,accepted,Plantae|Charophyta|Equisetopsida|Magnoliidae|Laurales|Lauraceae|Endiandra|palmerstonii,Plantae,Equisetopsida,,Lauraceae,,,,,,,,,,,,,
https://id.biodiversity.org.au/node/apni/2890577,https://id.biodiversity.org.au/name/apni/78320,Eucalyptus amplifolia Naudin,Naudin,https://id.biodiversity.org.au/node/apni/2890577,Eucalyptus amplifolia Naudin,https://id.biodiversity.org.au/reference/apni/40478,"Brooker, M.I.H. & Kleinig, D.A. (1999), Field Guide to Eucalypts Edn. 2, 1 (South-eastern Australia)",,,,,,,,https://id.biodiversity.org.au/instance/apni/564054,,ICN,accepted,Plantae|Charophyta|Equisetopsida|Magnoliidae|Rosanae|Myrtales|Myrtaceae|Eucalyptus|amplifolia,Plantae,Equisetopsida,,Myrtaceae,,,,,,,,,,,,,
https://id.biodiversity.org.au/node/apni/6707550,https://id.biodiversity.org.au/name/apni/58443,Acacia aneura F.Muell. ex Benth.,F.Muell. ex Benth.,https://id.biodiversity.org.au/node/apni/6707550,Acacia aneura F.Muell. ex Benth.,https://id.biodiversity.org.au/reference/apni/53841,"CHAH (2014), Australian Plant Census",,,,,,,,https://id.biodiversity.org.au/instance/apni/780583,,ICN,accepted,Plantae|Charophyta|Equisetopsida|Magnoliidae|Rosanae|Fabales|Fabaceae|Acacia|aneura,Plantae,Equisetopsida,,Fabaceae,,,,,,,,,,,,,
https://id.biodiversity.org.au/node/apni/2915243,https://id.biodiversity.org.au/name/apni/100216,Argyrodendron peralatum (F.M.Bailey) Edlin ex J.H.Boas,(F.M.Bailey) Edlin ex J.H.Boas,https://id.biodiversity.org.au/node/apni/2915243,Argyrodendron peralatum (F.M.Bailey) Edlin ex J.H.Boas,https://id.biodiversity.org.au/reference/apni/52462,"CHAH (2012), Australian Plant Census",,,,,,,,https://id.biodiversity.org.au/instance/apni/771294,,ICN,accepted,Plantae|Charophyta|Equisetopsida|Magnoliidae|Rosanae|Malvales|Malvaceae|Argyrodendron|peralatum,Plantae,Equisetopsida,,Malvaceae,,,,,,,,,,,,,
https://id.biodiversity.org.au/node/apni/2899142,https://id.biodiversity.org.au/name/apni/60084,Ceratopetalum succirubrum C.T.White,C.T.White,https://id.biodiversity.org.au/node/apni/2899142,Ceratopetalum succirubrum C.T.White,https://id.biodiversity.org.au/reference/apni/41911,"Rozefelds, A.C. & Barnes, R.W. (2002), The systematic and biogeographical relationships of Ceratopetalum (Cunoniaceae) in Australia and New Guinea. International Journal of Plant Sciences 163(4)",,,,,,,,https://id.biodiversity.org.au/instance/apni/589606,,ICN,accepted,Plantae|Charophyta|Equisetopsida|Magnoliidae|Rosanae|Oxalidales|Cunoniaceae|Ceratopetalum|succirubrum,Plantae,Equisetopsida,,Cunoniaceae,,,,,,,,,,,,,
https://id.biodiversity.org.au/node/apni/7622844,https://id.biodiversity.org.au/name/apni/82975,Eucalyptus fibrosa F.Muell.,F.Muell.,https://id.biodiversity.org.au/node/apni/7622844,Eucalyptus fibrosa F.Muell.,https://id.biodiversity.org.au/reference/apni/40090,"Brooker, M.I.H. (28 February 2000), A new classification of the genus Eucalyptus L'Her. (Myrtaceae). Australian Systematic Botany 13(1)",,,,,,,,https://id.biodiversity.org.au/instance/apni/563110,,ICN,accepted,Plantae|Charophyta|Equisetopsida|Magnoliidae|Rosanae|Myrtales|Myrtaceae|Eucalyptus|fibrosa,Plantae,Equisetopsida,,Myrtaceae,,,,,,,,,,,,,
https://id.biodiversity.org.au/node/apni/2889569,https://id.biodiversity.org.au/name/apni/159837,Synima cordierorum (F.Muell.) Radlk.,(F.Muell.) Radlk.,https://id.biodiversity.org.au/node/apni/2889569,Synima cordierorum (F.Muell.) Radlk.,https://id.biodiversity.org.au/reference/apni/42942,"CHAH (2006), Australian Plant Census",,,,,,,,https://id.biodiversity.org.au/instance/apni/607225,,ICN,accepted,Plantae|Charophyta|Equisetopsida|Magnoliidae|Rosanae|Sapindales|Sapindaceae|Synima|cordierorum,Plantae,Equisetopsida,,Sapindaceae,,,,,,,,,,,,,
https://id.biodiversity.org.au/instance/apni/896616,https://id.biodiversity.org.au/name/apni/214049,Melaleuca decora (Salisb.) Domin,(Salisb.) Domin,https://id.biodiversity.org.au/node/apni/2914773,Melaleuca decora (Salisb.) Britten,https://id.biodiversity.org.au/reference/apni/48872,"CHAH (2010), Australian Plant Census",,,,,,,,https://id.biodiversity.org.au/instance/apni/896616,isonym,ICN,nomenclatural synonym,Plantae|Charophyta|Equisetopsida|Magnoliidae|Rosanae|Myrtales|Myrtaceae|Melaleuca|decora,Plantae,Equisetopsida,,,,,,,,,,,,,,,
https://id.biodiversity.org.au/node/apni/2903387,https://id.biodiversity.org.au/name/apni/112200,Endiandra sankeyana F.M.Bailey,F.M.Bailey,https://id.biodiversity.org.au/node/apni/2903387,Endiandra sankeyana F.M.Bailey,https://id.biodiversity.org.au/reference/apni/42942,"CHAH (2006), Australian Plant Census",,,,,,,,https://id.biodiversity.org.au/instance/apni/610693,,ICN,accepted,Plantae|Charophyta|Equisetopsida|Magnoliidae|Laurales|Lauraceae|Endiandra|sankeyana,Plantae,Equisetopsida,,Lauraceae,,,,,,,,,,,,,
https://id.biodiversity.org.au/node/apni/2913815,https://id.biodiversity.org.au/name/apni/98098,Gillbeea adenopetala F.Muell.,F.Muell.,https://id.biodiversity.org.au/node/apni/2913815,Gillbeea adenopetala F.Muell.,https://id.biodiversity.org.au/reference/apni/44408,"CHAH (2007), Australian Plant Census",,,,,,,,https://id.biodiversity.org.au/instance/apni/645716,,ICN,accepted,Plantae|Charophyta|Equisetopsida|Magnoliidae|Rosanae|Oxalidales|Cunoniaceae|Gillbeea|adenopetala,Plantae,Equisetopsida,,Cunoniaceae,,,,,,,,,,,,,
https://id.biodiversity.org.au/node/apni/2895370,https://id.biodiversity.org.au/name/apni/80207,Alangium villosum subsp. polyosmoides (F.Muell.) Bloemb.,(F.Muell.) Bloemb.,https://id.biodiversity.org.au/node/apni/2895370,Alangium villosum subsp. polyosmoides (F.Muell.) Bloemb.,https://id.biodiversity.org.au/reference/apni/27771,"Hewson, H.J. in George, A.S. (ed.) (1984), Alangiaceae. Flora of Australia 22",,,,,,,,https://id.biodiversity.org.au/instance/apni/495969,,ICN,accepted,Plantae|Charophyta|Equisetopsida|Magnoliidae|Asteranae|Cornales|Cornaceae|Alangium|villosum|polyosmoides,Plantae,Equisetopsida,,Cornaceae,,,,,,,,,,,,,
https://id.biodiversity.org.au/node/apni/2918052,https://id.biodiversity.org.au/name/apni/111960,Endiandra monothyra B.Hyland subsp. monothyra,,https://id.biodiversity.org.au/node/apni/2918052,Endiandra monothyra B.Hyland subsp. monothyra,https://id.biodiversity.org.au/reference/apni/42942,"CHAH (2006), Australian Plant Census",,,,,,,,https://id.biodiversity.org.au/instance/apni/610682,,ICN,accepted,Plantae|Charophyta|Equisetopsida|Magnoliidae|Laurales|Lauraceae|Endiandra|monothyra|monothyra,Plantae,Equisetopsida,,Lauraceae,,,,,,,,,,,,,
https://id.biodiversity.org.au/node/apni/2914136,https://id.biodiversity.org.au/name/apni/99407,Eucalyptus racemosa Cav.,Cav.,https://id.biodiversity.org.au/node/apni/2914136,Eucalyptus racemosa Cav.,https://id.biodiversity.org.au/reference/apni/42942,"CHAH (2006), Australian Plant Census",,,,,,,,https://id.biodiversity.org.au/instance/apni/613749,,ICN,accepted,Plantae|Charophyta|Equisetopsida|Magnoliidae|Rosanae|Myrtales|Myrtaceae|Eucalyptus|racemosa,Plantae,Equisetopsida,,Myrtaceae,,,,,,,,,,,,,
https://id.biodiversity.org.au/instance/apni/853258,https://id.biodiversity.org.au/name/apni/58375,Eucalyptus rubida H.Deane & Maiden,H.Deane & Maiden,https://id.biodiversity.org.au/node/apni/2907621,Eucalyptus dalrympleana Maiden subsp. dalrympleana,https://id.biodiversity.org.au/reference/apni/42942,"CHAH (2006), Australian Plant Census",,,,,,,,https://id.biodiversity.org.au/instance/apni/853258,,ICN,misapplied,Plantae|Charophyta|Equisetopsida|Magnoliidae|Rosanae|Myrtales|Myrtaceae|Eucalyptus|dalrympleana|dalrympleana,Plantae,Equisetopsida,,,,,,,,,,,,,,,
https://id.biodiversity.org.au/node/apni/2905448,https://id.biodiversity.org.au/name/apni/84109,Halfordia kendack (Montrouz.) Guillaumin,(Montrouz.) Guillaumin,https://id.biodiversity.org.au/node/apni/2905448,Halfordia kendack (Montrouz.) Guillaumin,https://id.biodiversity.org.au/reference/apni/44408,"CHAH (2007), Australian Plant Census",,,,,,,,https://id.biodiversity.org.au/instance/apni/647883,,ICN,accepted,Plantae|Charophyta|Equisetopsida|Magnoliidae|Rosanae|Sapindales|Rutaceae|Halfordia|kendack,Plantae,Equisetopsida,,Rutaceae,,,,,,,,,,,,,
https://id.biodiversity.org.au/node/apni/2919202,https://id.biodiversity.org.au/name/apni/80013,Darlingia ferruginea J.F.Bailey,J.F.Bailey,https://id.biodiversity.org.au/node/apni/2919202,Darlingia ferruginea J.F.Bailey,https://id.biodiversity.org.au/reference/apni/39983,"Hyland, B.P.M. in McCarthy, P.M. (ed.) (1995), Darlingia. Flora of Australia 16",,,,,,,,https://id.biodiversity.org.au/instance/apni/558310,,ICN,accepted,Plantae|Charophyta|Equisetopsida|Magnoliidae|Proteanae|Proteales|Proteaceae|Darlingia|ferruginea,Plantae,Equisetopsida,,Proteaceae,,,,,,,,,,,,,
https://id.biodiversity.org.au/node/apni/2902351,https://id.biodiversity.org.au/name/apni/61196,Placospermum coriaceum C.T.White & W.D.Francis,C.T.White & W.D.Francis,https://id.biodiversity.org.au/node/apni/2902351,Placospermum coriaceum C.T.White & W.D.Francis,https://id.biodiversity.org.au/reference/apni/39965,"Weston, P.H. in McCarthy, P.M. (ed.) (1995), Proteaceae subfam. 1. Persoonioideae. Flora of Australia 16",,,,,,,,https://id.biodiversity.org.au/instance/apni/557953,,ICN,accepted,Plantae|Charophyta|Equisetopsida|Magnoliidae|Proteanae|Proteales|Proteaceae|Placospermum|coriaceum,Plantae,Equisetopsida,,Proteaceae,,,,,,,,,,,,,
https://id.biodiversity.org.au/node/apni/2897690,https://id.biodiversity.org.au/name/apni/113675,Beilschmiedia bancroftii (F.M.Bailey) C.T.White,(F.M.Bailey) C.T.White,https://id.biodiversity.org.au/node/apni/2897690,Beilschmiedia bancroftii (F.M.Bailey) C.T.White,https://id.biodiversity.org.au/reference/apni/42942,"CHAH (2006), Australian Plant Census",,,,,,,,https://id.biodiversity.org.au/instance/apni/610435,,ICN,accepted,Plantae|Charophyta|Equisetopsida|Magnoliidae|Laurales|Lauraceae|Beilschmiedia|bancroftii,Plantae,Equisetopsida,,Lauraceae,,,,,,,,,,,,,
https://id.biodiversity.org.au/instance/apni/852538,https://id.biodiversity.org.au/name/apni/170492,Eucalyptus sp. J,,https://id.biodiversity.org.au/node/apni/2893627,Corymbia cadophora K.D.Hill & L.A.S.Johnson subsp. cadophora,https://id.biodiversity.org.au/reference/apni/42942,"CHAH (2006), Australian Plant Census",,,,,,,,https://id.biodiversity.org.au/instance/apni/852538,[n/a],ICN,taxonomic synonym,Plantae|Charophyta|Equisetopsida|Magnoliidae|Rosanae|Myrtales|Myrtaceae|Corymbia|cadophora|cadophora,Plantae,Equisetopsida,,,,,,,,,,,,,,,
https://id.biodiversity.org.au/node/apni/2917065,https://id.biodiversity.org.au/name/apni/115699,Elaeocarpus foveolatus F.Muell.,F.Muell.,https://id.biodiversity.org.au/node/apni/2917065,Elaeocarpus foveolatus F.Muell.,https://id.biodiversity.org.au/reference/apni/27300,"Coode, M.J.E. (1984), Elaeocarpus in Australia and New Zealand. Kew Bulletin 39(3)",,,,,,,,https://id.biodiversity.org.au/instance/apni/550345,,ICN,accepted,Plantae|Charophyta|Equisetopsida|Magnoliidae|Rosanae|Oxalidales|Elaeocarpaceae|Elaeocarpus|foveolatus,Plantae,Equisetopsida,,Elaeocarpaceae,,,,,,,,,,,,,
https://id.biodiversity.org.au/node/apni/2892831,https://id.biodiversity.org.au/name/apni/101025,Pullea stutzeri (F.Muell.) Gibbs,(F.Muell.) Gibbs,https://id.biodiversity.org.au/node/apni/2892831,Pullea stutzeri (F.Muell.) Gibbs,https://id.biodiversity.org.au/reference/apni/44408,"CHAH (2007), Australian Plant Census",,,,,,,,https://id.biodiversity.org.au/instance/apni/645724,,ICN,accepted,Plantae|Charophyta|Equisetopsida|Magnoliidae|Rosanae|Oxalidales|Cunoniaceae|Pullea|stutzeri,Plantae,Equisetopsida,,Cunoniaceae,,,,,,,,,,,,,
https://id.biodiversity.org.au/node/apni/2916005,https://id.biodiversity.org.au/name/apni/94591,Eucalyptus carnea R.T.Baker,R.T.Baker,https://id.biodiversity.org.au/node/apni/2916005,Eucalyptus carnea R.T.Baker,https://id.biodiversity.org.au/reference/apni/42942,"CHAH (2006), Australian Plant Census",,,,,,,,https://id.biodiversity.org.au/instance/apni/613022,,ICN,accepted,Plantae|Charophyta|Equisetopsida|Magnoliidae|Rosanae|Myrtales|Myrtaceae|Eucalyptus|carnea,Plantae,Equisetopsida,,Myrtaceae,,,,,,,,,,,,,
https://id.biodiversity.org.au/taxon/apni/51292783,https://id.biodiversity.org.au/name/apni/84840,Polyscias elegans (C.Moore & F.Muell.) Harms,(C.Moore & F.Muell.) Harms,https://id.biodiversity.org.au/taxon/apni/51292783,Polyscias elegans (C.Moore & F.Muell.) Harms,https://id.biodiversity.org.au/reference/apni/9787312,"CHAH (31 July 2018), Australian Plant Census",,,,,,,,https://id.biodiversity.org.au/instance/apni/51266825,,ICN,accepted,Plantae|Charophyta|Equisetopsida|Magnoliidae|Asteranae|Apiales|Araliaceae|Polyscias|elegans,Plantae,Equisetopsida,,Araliaceae,,,,,,,,,,,,,
https://id.biodiversity.org.au/node/apni/2898549,https://id.biodiversity.org.au/name/apni/87675,Flindersia bourjotiana F.Muell.,F.Muell.,https://id.biodiversity.org.au/node/apni/2898549,Flindersia bourjotiana F.Muell.,https://id.biodiversity.org.au/reference/apni/47039,"Hartley, T.G. (17 October 1969), A revision of the genus Flindersia (Rutaceae). Journal of the Arnold Arboretum 50(4)",,,,,,,,https://id.biodiversity.org.au/instance/apni/507915,,ICN,accepted,Plantae|Charophyta|Equisetopsida|Magnoliidae|Rosanae|Sapindales|Rutaceae|Flindersia|bourjotiana,Plantae,Equisetopsida,,Rutaceae,,,,,,,,,,,,,
https://id.biodiversity.org.au/node/apni/2912331,https://id.biodiversity.org.au/name/apni/117893,Myoporum platycarpum R.Br. subsp. platycarpum,,https://id.biodiversity.org.au/node/apni/2912331,Myoporum platycarpum R.Br. subsp. platycarpum,https://id.biodiversity.org.au/reference/apni/44598,"Chinnock, R.J. (2007), Eremophila and allied genera",,,,,,,,https://id.biodiversity.org.au/instance/apni/617834,,ICN,accepted,Plantae|Charophyta|Equisetopsida|Magnoliidae|Asteranae|Lamiales|Scrophulariaceae|Myoporum|platycarpum|platycarpum,Plantae,Equisetopsida,,Scrophulariaceae,,,,,,,,,,,,,
https://id.biodiversity.org.au/node/apni/2887852,https://id.biodiversity.org.au/name/apni/64813,Syzygium papyraceum B.Hyland,B.Hyland,https://id.biodiversity.org.au/node/apni/2887852,Syzygium papyraceum B.Hyland,https://id.biodiversity.org.au/reference/apni/25746,"Hyland, B.P.M. (1983), A revision of Syzygium and allied genera (Myrtaceae) in Australia. Australian Journal of Botany Supplementary Series 9",,,,,,,,https://id.biodiversity.org.au/instance/apni/471590,,ICN,accepted,Plantae|Charophyta|Equisetopsida|Magnoliidae|Rosanae|Myrtales|Myrtaceae|Syzygium|papyraceum,Plantae,Equisetopsida,,Myrtaceae,,,,,,,,,,,,,
https://id.biodiversity.org.au/node/apni/2895259,https://id.biodiversity.org.au/name/apni/115772,Elaeocarpus grandis F.Muell.,F.Muell.,https://id.biodiversity.org.au/node/apni/2895259,Elaeocarpus grandis F.Muell.,https://id.biodiversity.org.au/reference/apni/48872,"CHAH (2010), Australian Plant Census",,,,,,,,https://id.biodiversity.org.au/instance/apni/664431,,ICN,accepted,Plantae|Charophyta|Equisetopsida|Magnoliidae|Rosanae|Oxalidales|Elaeocarpaceae|Elaeocarpus|grandis,Plantae,Equisetopsida,,Elaeocarpaceae,,,,,,,,,,,,,
https://id.biodiversity.org.au/taxon/apni/51633007,https://id.biodiversity.org.au/name/apni/102507,Eucalyptus L'Hér.,L'Hér.,https://id.biodiversity.org.au/taxon/apni/51633007,Eucalyptus L'Hér.,https://id.biodiversity.org.au/reference/apni/44408,"CHAH (2007), Australian Plant Census",,,,,,,,https://id.biodiversity.org.au/instance/apni/643734,,ICN,accepted,Plantae|Charophyta|Equisetopsida|Magnoliidae|Rosanae|Myrtales|Myrtaceae|Eucalyptus,Plantae,Equisetopsida,,Myrtaceae,,,,,,,,,,,,,
https://id.biodiversity.org.au/node/apni/2915559,https://id.biodiversity.org.au/name/apni/69915,Citronella smythii (F.Muell.) R.A.Howard,(F.Muell.) R.A.Howard,https://id.biodiversity.org.au/node/apni/2915559,Citronella smythii (F.Muell.) R.A.Howard,https://id.biodiversity.org.au/reference/apni/25267,"Guymer, G.P. in George, A.S. (ed.) (1984), Icacinaceae. Flora of Australia 22",,,,,,,,https://id.biodiversity.org.au/instance/apni/480106,,ICN,accepted,Plantae|Charophyta|Equisetopsida|Magnoliidae|Asteranae|Icacinaceae|Citronella|smythii,Plantae,Equisetopsida,,Icacinaceae,,,,,,,,,,,,,
https://id.biodiversity.org.au/node/apni/2901816,https://id.biodiversity.org.au/name/apni/92550,Gmelina fasciculiflora Benth.,Benth.,https://id.biodiversity.org.au/node/apni/2901816,Gmelina fasciculiflora Benth.,https://id.biodiversity.org.au/reference/apni/42942,"CHAH (2006), Australian Plant Census",,,,,,,,https://id.biodiversity.org.au/instance/apni/619856,,ICN,accepted,Plantae|Charophyta|Equisetopsida|Magnoliidae|Asteranae|Lamiales|Lamiaceae|Gmelina|fasciculiflora,Plantae,Equisetopsida,,Lamiaceae,,,,,,,,,,,,,
https://id.biodiversity.org.au/instance/apni/845620,https://id.biodiversity.org.au/name/apni/66684,Acacia melanoxylon R.Br. f. melanoxylon,,https://id.biodiversity.org.au/node/apni/2903496,Acacia melanoxylon R.Br.,https://id.biodiversity.org.au/reference/apni/42942,"CHAH (2006), Australian Plant Census",,,,,,,,https://id.biodiversity.org.au/instance/apni/845620,,ICN,nomenclatural synonym,Plantae|Charophyta|Equisetopsida|Magnoliidae|Rosanae|Fabales|Fabaceae|Acacia|melanoxylon,Plantae,Equisetopsida,,,,,,,,,,,,,,,
https://id.biodiversity.org.au/node/apni/2889113,https://id.biodiversity.org.au/name/apni/78303,Glochidion hylandii Airy Shaw,Airy Shaw,https://id.biodiversity.org.au/node/apni/2889113,Glochidion hylandii Airy Shaw,https://id.biodiversity.org.au/reference/apni/22558,"Airy Shaw, H.K. (November 1980), A partial synopsis of the Euphorbiaceae - Platylobeae of Australia (excluding Phyllanthus, Euphorbia and Calycopeplus). Kew Bulletin 35(3)",,,,,,,,https://id.biodiversity.org.au/instance/apni/492890,,ICN,accepted,Plantae|Charophyta|Equisetopsida|Magnoliidae|Rosanae|Malpighiales|Phyllanthaceae|Glochidion|hylandii,Plantae,Equisetopsida,,Phyllanthaceae,,,,,,,,,,,,,
https://id.biodiversity.org.au/node/apni/2915125,https://id.biodiversity.org.au/name/apni/119411,Corymbia intermedia (R.T.Baker) K.D.Hill & L.A.S.Johnson,(R.T.Baker) K.D.Hill & L.A.S.Johnson,https://id.biodiversity.org.au/node/apni/2915125,Corymbia intermedia (R.T.Baker) K.D.Hill & L.A.S.Johnson,https://id.biodiversity.org.au/reference/apni/40399,"Hill, K.D. & Johnson, L.A.S. (13 December 1995), Systematic studies in the eucalypts.  7. A revision of the bloodwoods, genus Corymbia (Myrtaceae). Telopea 6(2-3)",,,,,,,,https://id.biodiversity.org.au/instance/apni/562554,,ICN,accepted,Plantae|Charophyta|Equisetopsida|Magnoliidae|Rosanae|Myrtales|Myrtaceae|Corymbia|intermedia,Plantae,Equisetopsida,,Myrtaceae,,,,,,,,,,,,,
https://id.biodiversity.org.au/node/apni/2901862,https://id.biodiversity.org.au/name/apni/113690,Beilschmiedia collina B.Hyland,B.Hyland,https://id.biodiversity.org.au/node/apni/2901862,Beilschmiedia collina B.Hyland,https://id.biodiversity.org.au/reference/apni/23960,"Hyland, B.P.M. (1989), A revision of Lauraceae in Australia (excluding Cassytha). Australian Systematic Botany 2(2)",,,,,,,,https://id.biodiversity.org.au/instance/apni/547423,,ICN,accepted,Plantae|Charophyta|Equisetopsida|Magnoliidae|Laurales|Lauraceae|Beilschmiedia|collina,Plantae,Equisetopsida,,Lauraceae,,,,,,,,,,,,,
https://id.biodiversity.org.au/node/apni/2890649,https://id.biodiversity.org.au/name/apni/57350,Eucalyptus baileyana F.Muell.,F.Muell.,https://id.biodiversity.org.au/node/apni/2890649,Eucalyptus baileyana F.Muell.,https://id.biodiversity.org.au/reference/apni/40090,"Brooker, M.I.H. (28 February 2000), A new classification of the genus Eucalyptus L'Her. (Myrtaceae). Australian Systematic Botany 13(1)",,,,,,,,https://id.biodiversity.org.au/instance/apni/562774,,ICN,accepted,Plantae|Charophyta|Equisetopsida|Magnoliidae|Rosanae|Myrtales|Myrtaceae|Eucalyptus|baileyana,Plantae,Equisetopsida,,Myrtaceae,,,,,,,,,,,,,
https://id.biodiversity.org.au/node/apni/2921093,https://id.biodiversity.org.au/name/apni/171509,Myristica globosa subsp. muelleri (Warb.) W.J.de Wilde,(Warb.) W.J.de Wilde,https://id.biodiversity.org.au/node/apni/2921093,Myristica globosa subsp. muelleri (Warb.) W.J.de Wilde,https://id.biodiversity.org.au/reference/apni/42942,"CHAH (2006), Australian Plant Census",,,,,,,,https://id.biodiversity.org.au/instance/apni/610255,,ICN,accepted,Plantae|Charophyta|Equisetopsida|Magnoliidae|Magnoliales|Myristicaceae|Myristica|globosa|muelleri,Plantae,Equisetopsida,,Myristicaceae,,,,,,,,,,,,,
https://id.biodiversity.org.au/instance/apni/948449,https://id.biodiversity.org.au/name/apni/100246,Argyrodendron trifoliolatum F.Muell.,F.Muell.,https://id.biodiversity.org.au/node/apni/2916942,Argyrodendron actinophyllum (F.Muell.) Edlin,https://id.biodiversity.org.au/reference/apni/52462,"CHAH (2012), Australian Plant Census",,,,,,,,https://id.biodiversity.org.au/instance/apni/948449,,ICN,pro parte misapplied,Plantae|Charophyta|Equisetopsida|Magnoliidae|Rosanae|Malvales|Malvaceae|Argyrodendron|actinophyllum,Plantae,Equisetopsida,,,,,,,,,,,,,,,
https://id.biodiversity.org.au/node/apni/2897193,https://id.biodiversity.org.au/name/apni/113741,Beilschmiedia tooram (F.M.Bailey) B.Hyland,(F.M.Bailey) B.Hyland,https://id.biodiversity.org.au/node/apni/2897193,Beilschmiedia tooram (F.M.Bailey) B.Hyland,https://id.biodiversity.org.au/reference/apni/23960,"Hyland, B.P.M. (1989), A revision of Lauraceae in Australia (excluding Cassytha). Australian Systematic Botany 2(2)",,,,,,,,https://id.biodiversity.org.au/instance/apni/547515,,ICN,accepted,Plantae|Charophyta|Equisetopsida|Magnoliidae|Laurales|Lauraceae|Beilschmiedia|tooram,Plantae,Equisetopsida,,Lauraceae,,,,,,,,,,,,,
https://id.biodiversity.org.au/node/apni/2897003,https://id.biodiversity.org.au/name/apni/130005,Corymbia trachyphloia (F.Muell.) K.D.Hill & L.A.S.Johnson,(F.Muell.) K.D.Hill & L.A.S.Johnson,https://id.biodiversity.org.au/node/apni/2897003,Corymbia trachyphloia (F.Muell.) K.D.Hill & L.A.S.Johnson,https://id.biodiversity.org.au/reference/apni/42942,"CHAH (2006), Australian Plant Census",,,,,,,,https://id.biodiversity.org.au/instance/apni/612476,,ICN,accepted,Plantae|Charophyta|Equisetopsida|Magnoliidae|Rosanae|Myrtales|Myrtaceae|Corymbia|trachyphloia,Plantae,Equisetopsida,,Myrtaceae,,,,,,,,,,,,,
https://id.biodiversity.org.au/node/apni/2919794,https://id.biodiversity.org.au/name/apni/59756,Galbulimima baccata F.M.Bailey,F.M.Bailey,https://id.biodiversity.org.au/node/apni/2919794,Galbulimima baccata F.M.Bailey,https://id.biodiversity.org.au/reference/apni/42942,"CHAH (2006), Australian Plant Census",,,,,,,,https://id.biodiversity.org.au/instance/apni/609682,,ICN,accepted,Plantae|Charophyta|Equisetopsida|Magnoliidae|Magnoliales|Himantandraceae|Galbulimima|baccata,Plantae,Equisetopsida,,Himantandraceae,,,,,,,,,,,,,
https://id.biodiversity.org.au/node/apni/2906265,https://id.biodiversity.org.au/name/apni/155480,Psydrax latifolia (F.Muell. ex Benth.) S.T.Reynolds & R.J.F.Hend.,(F.Muell. ex Benth.) S.T.Reynolds & R.J.F.Hend.,https://id.biodiversity.org.au/node/apni/2906265,Psydrax latifolia (F.Muell. ex Benth.) S.T.Reynolds & R.J.F.Hend.,https://id.biodiversity.org.au/reference/apni/49840,"CHAH (2011), Australian Plant Census",,,,,,,,https://id.biodiversity.org.au/instance/apni/751531,,ICN,accepted,Plantae|Charophyta|Equisetopsida|Magnoliidae|Asteranae|Gentianales|Rubiaceae|Psydrax|latifolia,Plantae,Equisetopsida,,Rubiaceae,,,,,,,,,,,,,
https://id.biodiversity.org.au/node/apni/2906759,https://id.biodiversity.org.au/name/apni/77729,Irvingbaileya australis (C.T.White) R.A.Howard,(C.T.White) R.A.Howard,https://id.biodiversity.org.au/node/apni/2906759,Irvingbaileya australis (C.T.White) R.A.Howard,https://id.biodiversity.org.au/reference/apni/42942,"CHAH (2006), Australian Plant Census",,,,,,,,https://id.biodiversity.org.au/instance/apni/620064,,ICN,accepted,Plantae|Charophyta|Equisetopsida|Magnoliidae|Asteranae|Icacinaceae|Irvingbaileya|australis,Plantae,Equisetopsida,,Icacinaceae,,,,,,,,,,,,,
https://id.biodiversity.org.au/node/apni/2911893,https://id.biodiversity.org.au/name/apni/64736,Syzygium johnsonii (F.Muell.) B.Hyland,(F.Muell.) B.Hyland,https://id.biodiversity.org.au/node/apni/2911893,Syzygium johnsonii (F.Muell.) B.Hyland,https://id.biodiversity.org.au/reference/apni/47743,"CHAH (2009), Australian Plant Census",,,,,,,,https://id.biodiversity.org.au/instance/apni/658908,,ICN,accepted,Plantae|Charophyta|Equisetopsida|Magnoliidae|Rosanae|Myrtales|Myrtaceae|Syzygium|johnsonii,Plantae,Equisetopsida,,Myrtaceae,,,,,,,,,,,,,
https://id.biodiversity.org.au/node/apni/2896919,https://id.biodiversity.org.au/name/apni/161912,Melicope xanthoxyloides (F.Muell.) T.G.Hartley,(F.Muell.) T.G.Hartley,https://id.biodiversity.org.au/node/apni/2896919,Melicope xanthoxyloides (F.Muell.) T.G.Hartley,https://id.biodiversity.org.au/reference/apni/44408,"CHAH (2007), Australian Plant Census",,,,,,,,https://id.biodiversity.org.au/instance/apni/648044,,ICN,accepted,Plantae|Charophyta|Equisetopsida|Magnoliidae|Rosanae|Sapindales|Rutaceae|Melicope|xanthoxyloides,Plantae,Equisetopsida,,Rutaceae,,,,,,,,,,,,,
https://id.biodiversity.org.au/taxon/apni/51294119,https://id.biodiversity.org.au/name/apni/151683,Mischarytera lautereriana (F.M.Bailey) H.Turner,(F.M.Bailey) H.Turner,https://id.biodiversity.org.au/taxon/apni/51294119,Mischarytera lautereriana (F.M.Bailey) H.Turner,https://id.biodiversity.org.au/reference/apni/9787312,"CHAH (31 July 2018), Australian Plant Census",,,,,,,,https://id.biodiversity.org.au/instance/apni/51294114,,ICN,accepted,Plantae|Charophyta|Equisetopsida|Magnoliidae|Rosanae|Sapindales|Sapindaceae|Mischarytera|lautereriana,Plantae,Equisetopsida,,Sapindaceae,,,,,,,,,,,,,
https://id.biodiversity.org.au/node/apni/2888235,https://id.biodiversity.org.au/name/apni/81761,Davidsonia pruriens F.Muell.,F.Muell.,https://id.biodiversity.org.au/node/apni/2888235,Davidsonia pruriens F.Muell.,https://id.biodiversity.org.au/reference/apni/44408,"CHAH (2007), Australian Plant Census",,,,,,,,https://id.biodiversity.org.au/instance/apni/645771,,ICN,accepted,Plantae|Charophyta|Equisetopsida|Magnoliidae|Rosanae|Oxalidales|Cunoniaceae|Davidsonia|pruriens,Plantae,Equisetopsida,,Cunoniaceae,,,,,,,,,,,,,
https://id.biodiversity.org.au/node/apni/2914972,https://id.biodiversity.org.au/name/apni/56394,Guioa lasioneura Radlk.,Radlk.,https://id.biodiversity.org.au/node/apni/2914972,Guioa lasioneura Radlk.,https://id.biodiversity.org.au/reference/apni/22733,"Reynolds, S.T. in George, A.S. (ed.) (25 December 1985), Sapindaceae. Flora of Australia 25",,,,,,,,https://id.biodiversity.org.au/instance/apni/458982,,ICN,accepted,Plantae|Charophyta|Equisetopsida|Magnoliidae|Rosanae|Sapindales|Sapindaceae|Guioa|lasioneura,Plantae,Equisetopsida,,Sapindaceae,,,,,,,,,,,,,
https://id.biodiversity.org.au/node/apni/2890616,https://id.biodiversity.org.au/name/apni/111640,Endiandra cowleyana F.M.Bailey,F.M.Bailey,https://id.biodiversity.org.au/node/apni/2890616,Endiandra cowleyana F.M.Bailey,https://id.biodiversity.org.au/reference/apni/42942,"CHAH (2006), Australian Plant Census",,,,,,,,https://id.biodiversity.org.au/instance/apni/610661,,ICN,accepted,Plantae|Charophyta|Equisetopsida|Magnoliidae|Laurales|Lauraceae|Endiandra|cowleyana,Plantae,Equisetopsida,,Lauraceae,,,,,,,,,,,,,
https://id.biodiversity.org.au/node/apni/2912359,https://id.biodiversity.org.au/name/apni/95925,Antirhea tenuiflora F.Muell. ex Benth.,F.Muell. ex Benth.,https://id.biodiversity.org.au/node/apni/2912359,Antirhea tenuiflora F.Muell. ex Benth.,https://id.biodiversity.org.au/reference/apni/49840,"CHAH (2011), Australian Plant Census",,,,,,,,https://id.biodiversity.org.au/instance/apni/733870,,ICN,accepted,Plantae|Charophyta|Equisetopsida|Magnoliidae|Asteranae|Gentianales|Rubiaceae|Antirhea|tenuiflora,Plantae,Equisetopsida,,Rubiaceae,,,,,,,,,,,,,
https://id.biodiversity.org.au/node/apni/2907855,https://id.biodiversity.org.au/name/apni/88438,Cryptocarya melanocarpa B.Hyland,B.Hyland,https://id.biodiversity.org.au/node/apni/2907855,Cryptocarya melanocarpa B.Hyland,https://id.biodiversity.org.au/reference/apni/42942,"CHAH (2006), Australian Plant Census",,,,,,,,https://id.biodiversity.org.au/instance/apni/610572,,ICN,accepted,Plantae|Charophyta|Equisetopsida|Magnoliidae|Laurales|Lauraceae|Cryptocarya|melanocarpa,Plantae,Equisetopsida,,Lauraceae,,,,,,,,,,,,,
https://id.biodiversity.org.au/node/apni/2891040,https://id.biodiversity.org.au/name/apni/96394,Xanthophyllum octandrum (F.Muell.) Domin,(F.Muell.) Domin,https://id.biodiversity.org.au/node/apni/2891040,Xanthophyllum octandrum (F.Muell.) Domin,https://id.biodiversity.org.au/reference/apni/49840,"CHAH (2011), Australian Plant Census",,,,,,,,https://id.biodiversity.org.au/instance/apni/695973,,ICN,accepted,Plantae|Charophyta|Equisetopsida|Magnoliidae|Rosanae|Fabales|Polygalaceae|Xanthophyllum|octandrum,Plantae,Equisetopsida,,Polygalaceae,,,,,,,,,,,,,
https://id.biodiversity.org.au/node/apni/2896398,https://id.biodiversity.org.au/name/apni/77997,Diploglottis bracteata Leenh.,Leenh.,https://id.biodiversity.org.au/node/apni/2896398,Diploglottis bracteata Leenh.,https://id.biodiversity.org.au/reference/apni/22733,"Reynolds, S.T. in George, A.S. (ed.) (25 December 1985), Sapindaceae. Flora of Australia 25",,,,,,,,https://id.biodiversity.org.au/instance/apni/492427,,ICN,accepted,Plantae|Charophyta|Equisetopsida|Magnoliidae|Rosanae|Sapindales|Sapindaceae|Diploglottis|bracteata,Plantae,Equisetopsida,,Sapindaceae,,,,,,,,,,,,,
https://id.biodiversity.org.au/node/apni/2910363,https://id.biodiversity.org.au/name/apni/69571,Elaeocarpus ruminatus F.Muell.,F.Muell.,https://id.biodiversity.org.au/node/apni/2910363,Elaeocarpus ruminatus F.Muell.,https://id.biodiversity.org.au/reference/apni/27300,"Coode, M.J.E. (1984), Elaeocarpus in Australia and New Zealand. Kew Bulletin 39(3)",,,,,,,,https://id.biodiversity.org.au/instance/apni/479470,,ICN,accepted,Plantae|Charophyta|Equisetopsida|Magnoliidae|Rosanae|Oxalidales|Elaeocarpaceae|Elaeocarpus|ruminatus,Plantae,Equisetopsida,,Elaeocarpaceae,,,,,,,,,,,,,
https://id.biodiversity.org.au/node/apni/2906389,https://id.biodiversity.org.au/name/apni/155576,Carnarvonia araliifolia F.Muell. var. araliifolia,,https://id.biodiversity.org.au/node/apni/2906389,Carnarvonia araliifolia F.Muell. var. araliifolia,https://id.biodiversity.org.au/reference/apni/39979,"Hyland, B.P.M. in McCarthy, P.M. (ed.) (1995), Carnarvonia. Flora of Australia 16",,,,,,,,https://id.biodiversity.org.au/instance/apni/558298,,ICN,accepted,Plantae|Charophyta|Equisetopsida|Magnoliidae|Proteanae|Proteales|Proteaceae|Carnarvonia|araliifolia|araliifolia,Plantae,Equisetopsida,,Proteaceae,,,,,,,,,,,,,
https://id.biodiversity.org.au/instance/apni/893560,https://id.biodiversity.org.au/name/apni/227597,Darwinia sp. Locality unknown (C.A.Gardner s.n.) WA Herbarium,WA Herbarium,https://id.biodiversity.org.au/node/apni/2913093,Darwinia divisa Keighery & N.G.Marchant,https://id.biodiversity.org.au/reference/apni/43741,"Western Australian Herbarium (2007), FloraBase: the Western Australian Flora Version 2.5",,,,,,,,https://id.biodiversity.org.au/instance/apni/893560,[n/a],ICN,taxonomic synonym,Plantae|Charophyta|Equisetopsida|Magnoliidae|Rosanae|Myrtales|Myrtaceae|Darwinia|divisa,Plantae,Equisetopsida,,,,,,,,,,,,,,,
https://id.biodiversity.org.au/node/apni/2901421,https://id.biodiversity.org.au/name/apni/87624,Flindersia acuminata C.T.White,C.T.White,https://id.biodiversity.org.au/node/apni/2901421,Flindersia acuminata C.T.White,https://id.biodiversity.org.au/reference/apni/47039,"Hartley, T.G. (17 October 1969), A revision of the genus Flindersia (Rutaceae). Journal of the Arnold Arboretum 50(4)",,,,,,,,https://id.biodiversity.org.au/instance/apni/507852,,ICN,accepted,Plantae|Charophyta|Equisetopsida|Magnoliidae|Rosanae|Sapindales|Rutaceae|Flindersia|acuminata,Plantae,Equisetopsida,,Rutaceae,,,,,,,,,,,,,
https://id.biodiversity.org.au/node/apni/2918188,https://id.biodiversity.org.au/name/apni/76971,Siphonodon membranaceus F.M.Bailey,F.M.Bailey,https://id.biodiversity.org.au/node/apni/2918188,Siphonodon membranaceus F.M.Bailey,https://id.biodiversity.org.au/reference/apni/42942,"CHAH (2006), Australian Plant Census",,,,,,,,https://id.biodiversity.org.au/instance/apni/606167,,ICN,accepted,Plantae|Charophyta|Equisetopsida|Magnoliidae|Rosanae|Celastrales|Celastraceae|Siphonodon|membranaceus,Plantae,Equisetopsida,,Celastraceae,,,,,,,,,,,,,
https://id.biodiversity.org.au/instance/apni/941828,https://id.biodiversity.org.au/name/apni/84787,Polyscias australiana F.Muell.,F.Muell.,https://id.biodiversity.org.au/node/apni/7223338,Polyscias australiana (F.Muell.) Philipson,https://id.biodiversity.org.au/reference/apni/49840,"CHAH (2011), Australian Plant Census",,,,,,,,https://id.biodiversity.org.au/instance/apni/941828,"nom. inval., pro syn.",ICN,taxonomic synonym,Plantae|Charophyta|Equisetopsida|Magnoliidae|Asteranae|Apiales|Araliaceae|Polyscias|australiana,Plantae,Equisetopsida,,,,,,,,,,,,,,,
https://id.biodiversity.org.au/node/apni/2887911,https://id.biodiversity.org.au/name/apni/82935,Alphitonia petriei Braid & C.T.White,Braid & C.T.White,https://id.biodiversity.org.au/node/apni/2887911,Alphitonia petriei Braid & C.T.White,https://id.biodiversity.org.au/reference/apni/48873,"Bean, A.R. (4 January 2010), A revision of Alphitonia (Rhamnaceae) for Australia. Muelleria 28(1)",,,,,,,,https://id.biodiversity.org.au/instance/apni/654121,,ICN,accepted,Plantae|Charophyta|Equisetopsida|Magnoliidae|Rosanae|Rosales|Rhamnaceae|Alphitonia|petriei,Plantae,Equisetopsida,,Rhamnaceae,,,,,,,,,,,,,
https://id.biodiversity.org.au/node/apni/2908105,https://id.biodiversity.org.au/name/apni/101649,Franciscodendron laurifolium (F.Muell.) B.Hyland & Steenis,(F.Muell.) B.Hyland & Steenis,https://id.biodiversity.org.au/node/apni/2908105,Franciscodendron laurifolium (F.Muell.) B.Hyland & Steenis,https://id.biodiversity.org.au/reference/apni/52462,"CHAH (2012), Australian Plant Census",,,,,,,,https://id.biodiversity.org.au/instance/apni/772103,,ICN,accepted,Plantae|Charophyta|Equisetopsida|Magnoliidae|Rosanae|Malvales|Malvaceae|Franciscodendron|laurifolium,Plantae,Equisetopsida,,Malvaceae,,,,,,,,,,,,,
https://id.biodiversity.org.au/instance/apni/850649,https://id.biodiversity.org.au/name/apni/202649,Piper hederaceum Miq.,Miq.,https://id.biodiversity.org.au/node/apni/2886605,Piper hederaceum (Miq.) C.DC.,https://id.biodiversity.org.au/reference/apni/42942,"CHAH (2006), Australian Plant Census",,,,,,,,https://id.biodiversity.org.au/instance/apni/850649,"nom. inval., pro syn.",ICN,taxonomic synonym,Plantae|Charophyta|Equisetopsida|Magnoliidae|Magnolianae|Piperales|Piperaceae|Piper|hederaceum,Plantae,Equisetopsida,,,,,,,,,,,,,,,
https://id.biodiversity.org.au/node/apni/2900567,https://id.biodiversity.org.au/name/apni/88185,Cryptocarya angulata C.T.White,C.T.White,https://id.biodiversity.org.au/node/apni/2900567,Cryptocarya angulata C.T.White,https://id.biodiversity.org.au/reference/apni/42942,"CHAH (2006), Australian Plant Census",,,,,,,,https://id.biodiversity.org.au/instance/apni/610524,,ICN,accepted,Plantae|Charophyta|Equisetopsida|Magnoliidae|Laurales|Lauraceae|Cryptocarya|angulata,Plantae,Equisetopsida,,Lauraceae,,,,,,,,,,,,,
https://id.biodiversity.org.au/node/apni/2910393,https://id.biodiversity.org.au/name/apni/88472,Cryptocarya murrayi F.Muell.,F.Muell.,https://id.biodiversity.org.au/node/apni/2910393,Cryptocarya murrayi F.Muell.,https://id.biodiversity.org.au/reference/apni/42942,"CHAH (2006), Australian Plant Census",,,,,,,,https://id.biodiversity.org.au/instance/apni/610578,,ICN,accepted,Plantae|Charophyta|Equisetopsida|Magnoliidae|Laurales|Lauraceae|Cryptocarya|murrayi,Plantae,Equisetopsida,,Lauraceae,,,,,,,,,,,,,
https://id.biodiversity.org.au/node/apni/2916264,https://id.biodiversity.org.au/name/apni/115924,Opisthiolepis heterophylla L.S.Sm.,L.S.Sm.,https://id.biodiversity.org.au/node/apni/2916264,Opisthiolepis heterophylla L.S.Sm.,https://id.biodiversity.org.au/reference/apni/39988,"Foreman, D.B. in McCarthy, P.M. (ed.) (1995), Opisthiolepis. Flora of Australia 16",,,,,,,,https://id.biodiversity.org.au/instance/apni/558329,,ICN,accepted,Plantae|Charophyta|Equisetopsida|Magnoliidae|Proteanae|Proteales|Proteaceae|Opisthiolepis|heterophylla,Plantae,Equisetopsida,,Proteaceae,,,,,,,,,,,,,
https://id.biodiversity.org.au/node/apni/2903980,https://id.biodiversity.org.au/name/apni/97534,Apodytes brachystylis F.Muell.,F.Muell.,https://id.biodiversity.org.au/node/apni/2903980,Apodytes brachystylis F.Muell.,https://id.biodiversity.org.au/reference/apni/25267,"Guymer, G.P. in George, A.S. (ed.) (1984), Icacinaceae. Flora of Australia 22",,,,,,,,https://id.biodiversity.org.au/instance/apni/522768,,ICN,accepted,Plantae|Charophyta|Equisetopsida|Magnoliidae|Asteranae|Icacinaceae|Apodytes|brachystylis,Plantae,Equisetopsida,,Icacinaceae,,,,,,,,,,,,,
https://id.biodiversity.org.au/node/apni/2912820,https://id.biodiversity.org.au/name/apni/115868,Elaeocarpus largiflorens C.T.White subsp. largiflorens,,https://id.biodiversity.org.au/node/apni/2912820,Elaeocarpus largiflorens C.T.White subsp. largiflorens,https://id.biodiversity.org.au/reference/apni/27300,"Coode, M.J.E. (1984), Elaeocarpus in Australia and New Zealand. Kew Bulletin 39(3)",,,,,,,,https://id.biodiversity.org.au/instance/apni/550636,,ICN,accepted,Plantae|Charophyta|Equisetopsida|Magnoliidae|Rosanae|Oxalidales|Elaeocarpaceae|Elaeocarpus|largiflorens|largiflorens,Plantae,Equisetopsida,,Elaeocarpaceae,,,,,,,,,,,,,
https://id.biodiversity.org.au/node/apni/2902991,https://id.biodiversity.org.au/name/apni/64738,Syzygium kuranda (F.M.Bailey) B.Hyland,(F.M.Bailey) B.Hyland,https://id.biodiversity.org.au/node/apni/2902991,Syzygium kuranda (F.M.Bailey) B.Hyland,https://id.biodiversity.org.au/reference/apni/25746,"Hyland, B.P.M. (1983), A revision of Syzygium and allied genera (Myrtaceae) in Australia. Australian Journal of Botany Supplementary Series 9",,,,,,,,https://id.biodiversity.org.au/instance/apni/471462,,ICN,accepted,Plantae|Charophyta|Equisetopsida|Magnoliidae|Rosanae|Myrtales|Myrtaceae|Syzygium|kuranda,Plantae,Equisetopsida,,Myrtaceae,,,,,,,,,,,,,
https://id.biodiversity.org.au/node/apni/2899601,https://id.biodiversity.org.au/name/apni/118565,Melicope vitiflora (F.Muell.) T.G.Hartley,(F.Muell.) T.G.Hartley,https://id.biodiversity.org.au/node/apni/2899601,Melicope vitiflora (F.Muell.) T.G.Hartley,https://id.biodiversity.org.au/reference/apni/40611,"Hartley, T.G. in Holttum, R.E. (2001), On the taxonomy and biogeography of Euodia and Melicope (Rutaceae). Allertonia 8(1)",,,,,,,,https://id.biodiversity.org.au/instance/apni/580091,,ICN,accepted,Plantae|Charophyta|Equisetopsida|Magnoliidae|Rosanae|Sapindales|Rutaceae|Melicope|vitiflora,Plantae,Equisetopsida,,Rutaceae,,,,,,,,,,,,,
https://id.biodiversity.org.au/taxon/apni/51433033,https://id.biodiversity.org.au/name/apni/82294,Allocasuarina littoralis (Salisb.) L.A.S.Johnson,(Salisb.) L.A.S.Johnson,https://id.biodiversity.org.au/taxon/apni/51433033,Allocasuarina littoralis (Salisb.) L.A.S.Johnson,https://id.biodiversity.org.au/reference/apni/51428473,"CHAH (7 July 2021), Australian Plant Census",,,,,,,,https://id.biodiversity.org.au/instance/apni/51433023,,ICN,accepted,Plantae|Charophyta|Equisetopsida|Magnoliidae|Rosanae|Fagales|Casuarinaceae|Allocasuarina|littoralis,Plantae,Equisetopsida,,Casuarinaceae,,,,,,,,,,,,,
https://id.biodiversity.org.au/instance/apni/949213,https://id.biodiversity.org.au/name/apni/101586,Geissois biagiana (F.Muell.) F.Muell.,(F.Muell.) F.Muell.,https://id.biodiversity.org.au/node/apni/7119311,Karrabina biagiana (F.Muell.) Rozefelds & H.C.Hopkins,https://id.biodiversity.org.au/reference/apni/53652,"Hopkins, H.C.F., Rozefelds, A.C. & Pillon, Y. (18 October 2013), Karrabina gen. nov. (Cunoniaceae), for the Australian species previously placed in Geissois, and a synopsis of genera in the tribe Geissoieae. Australian Systematic Botany 26(3)",,,,,,,,https://id.biodiversity.org.au/instance/apni/949213,,ICN,nomenclatural synonym,Plantae|Charophyta|Equisetopsida|Magnoliidae|Rosanae|Oxalidales|Cunoniaceae|Karrabina|biagiana,Plantae,Equisetopsida,,,,,,,,,,,,,,,
https://id.biodiversity.org.au/node/apni/2911426,https://id.biodiversity.org.au/name/apni/134460,Beilschmiedia recurva B.Hyland,B.Hyland,https://id.biodiversity.org.au/node/apni/2911426,Beilschmiedia recurva B.Hyland,https://id.biodiversity.org.au/reference/apni/23960,"Hyland, B.P.M. (1989), A revision of Lauraceae in Australia (excluding Cassytha). Australian Systematic Botany 2(2)",,,,,,,,https://id.biodiversity.org.au/instance/apni/589305,,ICN,accepted,Plantae|Charophyta|Equisetopsida|Magnoliidae|Laurales|Lauraceae|Beilschmiedia|recurva,Plantae,Equisetopsida,,Lauraceae,,,,,,,,,,,,,
https://id.biodiversity.org.au/node/apni/2917491,https://id.biodiversity.org.au/name/apni/85707,Sloanea australis subsp. parviflora Coode,Coode,https://id.biodiversity.org.au/node/apni/2917491,Sloanea australis subsp. parviflora Coode,https://id.biodiversity.org.au/reference/apni/31681,"Coode, M.J.E. (1983), A conspectus of Sloanea (Elaeocarpaceae) in the Old World. Kew Bulletin 38(3)",,,,,,,,https://id.biodiversity.org.au/instance/apni/504595,,ICN,accepted,Plantae|Charophyta|Equisetopsida|Magnoliidae|Rosanae|Oxalidales|Elaeocarpaceae|Sloanea|australis|parviflora,Plantae,Equisetopsida,,Elaeocarpaceae,,,,,,,,,,,,,
https://id.biodiversity.org.au/taxon/apni/51446204,https://id.biodiversity.org.au/name/apni/82867,Alphitonia excelsa (A.Cunn. ex Fenzl) Benth.,(A.Cunn. ex Fenzl) Benth.,https://id.biodiversity.org.au/taxon/apni/51446204,Alphitonia excelsa (A.Cunn. ex Fenzl) Benth.,https://id.biodiversity.org.au/reference/apni/51428473,"CHAH (7 July 2021), Australian Plant Census",,,,,,,,https://id.biodiversity.org.au/instance/apni/51446192,,ICN,accepted,Plantae|Charophyta|Equisetopsida|Magnoliidae|Rosanae|Rosales|Rhamnaceae|Alphitonia|excelsa,Plantae,Equisetopsida,,Rhamnaceae,,,,,,,,,,,,,
https://id.biodiversity.org.au/taxon/apni/51294445,https://id.biodiversity.org.au/name/apni/108117,Symplocos paucistaminea F.Muell. & F.M.Bailey,F.Muell. & F.M.Bailey,https://id.biodiversity.org.au/taxon/apni/51294445,Symplocos paucistaminea F.Muell. & F.M.Bailey,https://id.biodiversity.org.au/reference/apni/9787312,"CHAH (31 July 2018), Australian Plant Census",,,,,,,,https://id.biodiversity.org.au/instance/apni/51294442,,ICN,accepted,Plantae|Charophyta|Equisetopsida|Magnoliidae|Asteranae|Ericales|Symplocaceae|Symplocos|paucistaminea,Plantae,Equisetopsida,,Symplocaceae,,,,,,,,,,,,,
https://id.biodiversity.org.au/node/apni/2894176,https://id.biodiversity.org.au/name/apni/88368,Cryptocarya grandis B.Hyland,B.Hyland,https://id.biodiversity.org.au/node/apni/2894176,Cryptocarya grandis B.Hyland,https://id.biodiversity.org.au/reference/apni/42942,"CHAH (2006), Australian Plant Census",,,,,,,,https://id.biodiversity.org.au/instance/apni/610552,,ICN,accepted,Plantae|Charophyta|Equisetopsida|Magnoliidae|Laurales|Lauraceae|Cryptocarya|grandis,Plantae,Equisetopsida,,Lauraceae,,,,,,,,,,,,,
https://id.biodiversity.org.au/node/apni/2918163,https://id.biodiversity.org.au/name/apni/69346,Cinnamomum laubatii F.Muell.,F.Muell.,https://id.biodiversity.org.au/node/apni/2918163,Cinnamomum laubatii F.Muell.,https://id.biodiversity.org.au/reference/apni/42942,"CHAH (2006), Australian Plant Census",,,,,,,,https://id.biodiversity.org.au/instance/apni/610514,,ICN,accepted,Plantae|Charophyta|Equisetopsida|Magnoliidae|Laurales|Lauraceae|Cinnamomum|laubatii,Plantae,Equisetopsida,,Lauraceae,,,,,,,,,,,,,
https://id.biodiversity.org.au/node/apni/2910725,https://id.biodiversity.org.au/name/apni/111888,Endiandra leptodendron B.Hyland,B.Hyland,https://id.biodiversity.org.au/node/apni/2910725,Endiandra leptodendron B.Hyland,https://id.biodiversity.org.au/reference/apni/42942,"CHAH (2006), Australian Plant Census",,,,,,,,https://id.biodiversity.org.au/instance/apni/610677,,ICN,accepted,Plantae|Charophyta|Equisetopsida|Magnoliidae|Laurales|Lauraceae|Endiandra|leptodendron,Plantae,Equisetopsida,,Lauraceae,,,,,,,,,,,,,
https://id.biodiversity.org.au/node/apni/2919575,https://id.biodiversity.org.au/name/apni/77712,Eucalyptus acmenoides Schauer,Schauer,https://id.biodiversity.org.au/node/apni/2919575,Eucalyptus acmenoides Schauer,https://id.biodiversity.org.au/reference/apni/42942,"CHAH (2006), Australian Plant Census",,,,,,,,https://id.biodiversity.org.au/instance/apni/612508,,ICN,accepted,Plantae|Charophyta|Equisetopsida|Magnoliidae|Rosanae|Myrtales|Myrtaceae|Eucalyptus|acmenoides,Plantae,Equisetopsida,,Myrtaceae,,,,,,,,,,,,,
https://id.biodiversity.org.au/node/apni/2919306,https://id.biodiversity.org.au/name/apni/101809,Eucalyptus resinifera J.White,J.White,https://id.biodiversity.org.au/node/apni/2919306,Eucalyptus resinifera J.White,https://id.biodiversity.org.au/reference/apni/44408,"CHAH (2007), Australian Plant Census",,,,,,,,https://id.biodiversity.org.au/instance/apni/643763,,ICN,accepted,Plantae|Charophyta|Equisetopsida|Magnoliidae|Rosanae|Myrtales|Myrtaceae|Eucalyptus|resinifera,Plantae,Equisetopsida,,Myrtaceae,,,,,,,,,,,,,
https://id.biodiversity.org.au/node/apni/2911710,https://id.biodiversity.org.au/name/apni/87820,Flindersia laevicarpa C.T.White & W.D.Francis,C.T.White & W.D.Francis,https://id.biodiversity.org.au/node/apni/2911710,Flindersia laevicarpa C.T.White & W.D.Francis,https://id.biodiversity.org.au/reference/apni/47039,"Hartley, T.G. (17 October 1969), A revision of the genus Flindersia (Rutaceae). Journal of the Arnold Arboretum 50(4)",,,,,,,,https://id.biodiversity.org.au/instance/apni/508102,,ICN,accepted,Plantae|Charophyta|Equisetopsida|Magnoliidae|Rosanae|Sapindales|Rutaceae|Flindersia|laevicarpa,Plantae,Equisetopsida,,Rutaceae,,,,,,,,,,,,,
https://id.biodiversity.org.au/node/apni/2889983,https://id.biodiversity.org.au/name/apni/97272,Toechima erythrocarpum (F.Muell.) Radlk.,(F.Muell.) Radlk.,https://id.biodiversity.org.au/node/apni/2889983,Toechima erythrocarpum (F.Muell.) Radlk.,https://id.biodiversity.org.au/reference/apni/22733,"Reynolds, S.T. in George, A.S. (ed.) (25 December 1985), Sapindaceae. Flora of Australia 25",,,,,,,,https://id.biodiversity.org.au/instance/apni/522344,,ICN,accepted,Plantae|Charophyta|Equisetopsida|Magnoliidae|Rosanae|Sapindales|Sapindaceae|Toechima|erythrocarpum,Plantae,Equisetopsida,,Sapindaceae,,,,,,,,,,,,,
https://id.biodiversity.org.au/instance/apni/927162,https://id.biodiversity.org.au/name/apni/63317,Symplocos stawellii F.Muell. var. stawellii,,https://id.biodiversity.org.au/node/apni/8668415,Symplocos stawellii F.Muell.,https://id.biodiversity.org.au/reference/apni/52307,"Jessup, L.W. (1 December 2011), A taxonomic revision of Symplocos Jacq. (Symplocaceae) in Australia. Austrobaileya 8(3)",,,,,,,,https://id.biodiversity.org.au/instance/apni/927162,,ICN,nomenclatural synonym,Plantae|Charophyta|Equisetopsida|Magnoliidae|Asteranae|Ericales|Symplocaceae|Symplocos|stawellii,Plantae,Equisetopsida,,,,,,,,,,,,,,,
https://id.biodiversity.org.au/node/apni/2895194,https://id.biodiversity.org.au/name/apni/91935,Angophora woodsiana F.M.Bailey,F.M.Bailey,https://id.biodiversity.org.au/node/apni/2895194,Angophora woodsiana F.M.Bailey,https://id.biodiversity.org.au/reference/apni/42942,"CHAH (2006), Australian Plant Census",,,,,,,,https://id.biodiversity.org.au/instance/apni/612296,,ICN,accepted,Plantae|Charophyta|Equisetopsida|Magnoliidae|Rosanae|Myrtales|Myrtaceae|Angophora|woodsiana,Plantae,Equisetopsida,,Myrtaceae,,,,,,,,,,,,,
https://id.biodiversity.org.au/node/apni/2913848,https://id.biodiversity.org.au/name/apni/88270,Cryptocarya corrugata C.T.White & W.D.Francis,C.T.White & W.D.Francis,https://id.biodiversity.org.au/node/apni/2913848,Cryptocarya corrugata C.T.White & W.D.Francis,https://id.biodiversity.org.au/reference/apni/42942,"CHAH (2006), Australian Plant Census",,,,,,,,https://id.biodiversity.org.au/instance/apni/610538,,ICN,accepted,Plantae|Charophyta|Equisetopsida|Magnoliidae|Laurales|Lauraceae|Cryptocarya|corrugata,Plantae,Equisetopsida,,Lauraceae,,,,,,,,,,,,,
https://id.biodiversity.org.au/taxon/apni/51439703,https://id.biodiversity.org.au/name/apni/119407,Corymbia gummifera (Gaertn.) K.D.Hill & L.A.S.Johnson,(Gaertn.) K.D.Hill & L.A.S.Johnson,https://id.biodiversity.org.au/taxon/apni/51439703,Corymbia gummifera (Gaertn.) K.D.Hill & L.A.S.Johnson,https://id.biodiversity.org.au/reference/apni/51428473,"CHAH (7 July 2021), Australian Plant Census",,,,,,,,https://id.biodiversity.org.au/instance/apni/51439691,,ICN,accepted,Plantae|Charophyta|Equisetopsida|Magnoliidae|Rosanae|Myrtales|Myrtaceae|Corymbia|gummifera,Plantae,Equisetopsida,,Myrtaceae,,,,,,,,,,,,,
https://id.biodiversity.org.au/node/apni/2889184,https://id.biodiversity.org.au/name/apni/100475,Macaranga inamoena Benth.,Benth.,https://id.biodiversity.org.au/node/apni/2889184,Macaranga inamoena Benth.,https://id.biodiversity.org.au/reference/apni/47743,"CHAH (2009), Australian Plant Census",,,,,,,,https://id.biodiversity.org.au/instance/apni/659167,,ICN,accepted,Plantae|Charophyta|Equisetopsida|Magnoliidae|Rosanae|Malpighiales|Euphorbiaceae|Macaranga|inamoena,Plantae,Equisetopsida,,Euphorbiaceae,,,,,,,,,,,,,
https://id.biodiversity.org.au/node/apni/2898545,https://id.biodiversity.org.au/name/apni/79999,Darlingia darlingiana (F.Muell.) L.A.S.Johnson,(F.Muell.) L.A.S.Johnson,https://id.biodiversity.org.au/node/apni/2898545,Darlingia darlingiana (F.Muell.) L.A.S.Johnson,https://id.biodiversity.org.au/reference/apni/42312,"CHAH (2005), Australian Plant Census",,,,,,,,https://id.biodiversity.org.au/instance/apni/599663,,ICN,accepted,Plantae|Charophyta|Equisetopsida|Magnoliidae|Proteanae|Proteales|Proteaceae|Darlingia|darlingiana,Plantae,Equisetopsida,,Proteaceae,,,,,,,,,,,,,
https://id.biodiversity.org.au/node/apni/2905966,https://id.biodiversity.org.au/name/apni/64428,Synoum glandulosum (Sm.) A.Juss.,(Sm.) A.Juss.,https://id.biodiversity.org.au/node/apni/2905966,Synoum glandulosum (Sm.) A.Juss.,https://id.biodiversity.org.au/reference/apni/44408,"CHAH (2007), Australian Plant Census",,,,,,,,https://id.biodiversity.org.au/instance/apni/634827,,ICN,accepted,Plantae|Charophyta|Equisetopsida|Magnoliidae|Rosanae|Sapindales|Meliaceae|Synoum|glandulosum,Plantae,Equisetopsida,,Meliaceae,,,,,,,,,,,,,
https://id.biodiversity.org.au/node/apni/2903008,https://id.biodiversity.org.au/name/apni/55142,Helicia lamingtoniana (F.M.Bailey) C.T.White ex L.S.Sm.,(F.M.Bailey) C.T.White ex L.S.Sm.,https://id.biodiversity.org.au/node/apni/2903008,Helicia lamingtoniana (F.M.Bailey) C.T.White ex L.S.Sm.,https://id.biodiversity.org.au/reference/apni/39993,"Foreman, D.B. in McCarthy, P.M. (ed.) (1995), Helicia. Flora of Australia 16",,,,,,,,https://id.biodiversity.org.au/instance/apni/558411,,ICN,accepted,Plantae|Charophyta|Equisetopsida|Magnoliidae|Proteanae|Proteales|Proteaceae|Helicia|lamingtoniana,Plantae,Equisetopsida,,Proteaceae,,,,,,,,,,,,,
https://id.biodiversity.org.au/instance/apni/7519532,https://id.biodiversity.org.au/name/apni/97487,Dysoxylum oppositifolium F.Muell.,F.Muell.,https://id.biodiversity.org.au/node/apni/7519945,Dysoxylum acutangulum Miq.,https://id.biodiversity.org.au/reference/apni/6875190,"CHAH (2016), Australian Plant Census",,,,,,,,https://id.biodiversity.org.au/instance/apni/7519532,,ICN,misapplied,Plantae|Charophyta|Equisetopsida|Magnoliidae|Rosanae|Sapindales|Meliaceae|Dysoxylum|acutangulum,Plantae,Equisetopsida,,,,,,,,,,,,,,,
https://id.biodiversity.org.au/node/apni/2906254,https://id.biodiversity.org.au/name/apni/106309,Eucalyptus propinqua H.Deane & Maiden,H.Deane & Maiden,https://id.biodiversity.org.au/node/apni/2906254,Eucalyptus propinqua H.Deane & Maiden,https://id.biodiversity.org.au/reference/apni/42942,"CHAH (2006), Australian Plant Census",,,,,,,,https://id.biodiversity.org.au/instance/apni/613728,,ICN,accepted,Plantae|Charophyta|Equisetopsida|Magnoliidae|Rosanae|Myrtales|Myrtaceae|Eucalyptus|propinqua,Plantae,Equisetopsida,,Myrtaceae,,,,,,,,,,,,,
https://id.biodiversity.org.au/node/apni/2913641,https://id.biodiversity.org.au/name/apni/118560,Melicope elleryana (F.Muell.) T.G.Hartley,(F.Muell.) T.G.Hartley,https://id.biodiversity.org.au/node/apni/2913641,Melicope elleryana (F.Muell.) T.G.Hartley,https://id.biodiversity.org.au/reference/apni/44408,"CHAH (2007), Australian Plant Census",,,,,,,,https://id.biodiversity.org.au/instance/apni/648017,,ICN,accepted,Plantae|Charophyta|Equisetopsida|Magnoliidae|Rosanae|Sapindales|Rutaceae|Melicope|elleryana,Plantae,Equisetopsida,,Rutaceae,,,,,,,,,,,,,
https://id.biodiversity.org.au/instance/apni/881131,https://id.biodiversity.org.au/name/apni/221904,Flindersia pimenteliana F.Muell. f. pimenteliana,,https://id.biodiversity.org.au/node/apni/2905375,Flindersia pimenteliana F.Muell.,https://id.biodiversity.org.au/reference/apni/44408,"CHAH (2007), Australian Plant Census",,,,,,,,https://id.biodiversity.org.au/instance/apni/881131,,ICN,nomenclatural synonym,Plantae|Charophyta|Equisetopsida|Magnoliidae|Rosanae|Sapindales|Rutaceae|Flindersia|pimenteliana,Plantae,Equisetopsida,,,,,,,,,,,,,,,
https://id.biodiversity.org.au/node/apni/2905742,https://id.biodiversity.org.au/name/apni/63558,Hylandia dockrillii Airy Shaw,Airy Shaw,https://id.biodiversity.org.au/node/apni/2905742,Hylandia dockrillii Airy Shaw,https://id.biodiversity.org.au/reference/apni/22558,"Airy Shaw, H.K. (November 1980), A partial synopsis of the Euphorbiaceae - Platylobeae of Australia (excluding Phyllanthus, Euphorbia and Calycopeplus). Kew Bulletin 35(3)",,,,,,,,https://id.biodiversity.org.au/instance/apni/469620,,ICN,accepted,Plantae|Charophyta|Equisetopsida|Magnoliidae|Rosanae|Malpighiales|Euphorbiaceae|Hylandia|dockrillii,Plantae,Equisetopsida,,Euphorbiaceae,,,,,,,,,,,,,
https://id.biodiversity.org.au/instance/apni/51343606,https://id.biodiversity.org.au/name/apni/51343604,Polyosma rhytophloia C.T.White & W.D.Francis,C.T.White & W.D.Francis,https://id.biodiversity.org.au/node/apni/2920113,Polyosma rhytiphloia C.T.White & W.D.Francis,https://id.biodiversity.org.au/reference/apni/44408,"CHAH (2007), Australian Plant Census",,,,,,,,https://id.biodiversity.org.au/instance/apni/51343606,orth. var.,ICN,orthographic variant,Plantae|Charophyta|Equisetopsida|Magnoliidae|Asteranae|Escalloniales|Escalloniaceae|Polyosma|rhytiphloia,Plantae,Equisetopsida,,,,,,,,,,,,,,,
https://id.biodiversity.org.au/taxon/apni/51436542,https://id.biodiversity.org.au/name/apni/155059,Acacia disparrima M.W.McDonald & Maslin,M.W.McDonald & Maslin,https://id.biodiversity.org.au/taxon/apni/51436542,Acacia disparrima M.W.McDonald & Maslin,https://id.biodiversity.org.au/reference/apni/42942,"CHAH (2006), Australian Plant Census",,,,,,,,https://id.biodiversity.org.au/instance/apni/604801,,ICN,accepted,Plantae|Charophyta|Equisetopsida|Magnoliidae|Rosanae|Fabales|Fabaceae|Acacia|disparrima,Plantae,Equisetopsida,,Fabaceae,,,,,,,,,,,,,
https://id.biodiversity.org.au/node/apni/2896158,https://id.biodiversity.org.au/name/apni/111505,Polyosma alangiacea F.Muell.,F.Muell.,https://id.biodiversity.org.au/node/apni/2896158,Polyosma alangiacea F.Muell.,https://id.biodiversity.org.au/reference/apni/44408,"CHAH (2007), Australian Plant Census",,,,,,,,https://id.biodiversity.org.au/instance/apni/646266,,ICN,accepted,Plantae|Charophyta|Equisetopsida|Magnoliidae|Asteranae|Escalloniales|Escalloniaceae|Polyosma|alangiacea,Plantae,Equisetopsida,,Escalloniaceae,,,,,,,,,,,,,
https://id.biodiversity.org.au/instance/apni/7114616,https://id.biodiversity.org.au/name/apni/94621,Caldcluvia australiensis (Schltr.) Hoogland,(Schltr.) Hoogland,https://id.biodiversity.org.au/node/apni/7114625,Ackama australiensis (Schltr.) C.T.White,https://id.biodiversity.org.au/reference/apni/6875190,"CHAH (2016), Australian Plant Census",,,,,,,,https://id.biodiversity.org.au/instance/apni/7114616,,ICN,nomenclatural synonym,Plantae|Charophyta|Equisetopsida|Magnoliidae|Rosanae|Oxalidales|Cunoniaceae|Ackama|australiensis,Plantae,Equisetopsida,,,,,,,,,,,,,,,
https://id.biodiversity.org.au/node/apni/2908951,https://id.biodiversity.org.au/name/apni/96455,Lophostemon confertus (R.Br.) Peter G.Wilson & J.T.Waterh.,(R.Br.) Peter G.Wilson & J.T.Waterh.,https://id.biodiversity.org.au/node/apni/2908951,Lophostemon confertus (R.Br.) Peter G.Wilson & J.T.Waterh.,https://id.biodiversity.org.au/reference/apni/47743,"CHAH (2009), Australian Plant Census",,,,,,,,https://id.biodiversity.org.au/instance/apni/654864,,ICN,accepted,Plantae|Charophyta|Equisetopsida|Magnoliidae|Rosanae|Myrtales|Myrtaceae|Lophostemon|confertus,Plantae,Equisetopsida,,Myrtaceae,,,,,,,,,,,,,
https://id.biodiversity.org.au/node/apni/2903789,https://id.biodiversity.org.au/name/apni/69673,Cissus hypoglauca A.Gray,A.Gray,https://id.biodiversity.org.au/node/apni/2903789,Cissus hypoglauca A.Gray,https://id.biodiversity.org.au/reference/apni/48872,"CHAH (2010), Australian Plant Census",,,,,,,,https://id.biodiversity.org.au/instance/apni/679225,,ICN,accepted,Plantae|Charophyta|Equisetopsida|Magnoliidae|Rosanae|Vitales|Vitaceae|Cissus|hypoglauca,Plantae,Equisetopsida,,Vitaceae,,,,,,,,,,,,,
https://id.biodiversity.org.au/node/apni/2899127,https://id.biodiversity.org.au/name/apni/105163,Eucalyptus pilularis Sm.,Sm.,https://id.biodiversity.org.au/node/apni/2899127,Eucalyptus pilularis Sm.,https://id.biodiversity.org.au/reference/apni/42942,"CHAH (2006), Australian Plant Census",,,,,,,,https://id.biodiversity.org.au/instance/apni/613669,,ICN,accepted,Plantae|Charophyta|Equisetopsida|Magnoliidae|Rosanae|Myrtales|Myrtaceae|Eucalyptus|pilularis,Plantae,Equisetopsida,,Myrtaceae,,,,,,,,,,,,,
https://id.biodiversity.org.au/node/apni/2894138,https://id.biodiversity.org.au/name/apni/74064,Acronychia vestita F.Muell.,F.Muell.,https://id.biodiversity.org.au/node/apni/2894138,Acronychia vestita F.Muell.,https://id.biodiversity.org.au/reference/apni/28462,"Hartley, T.G. (24 September 1974), A revision of the genus Acronychia (Rutaceae). Journal of the Arnold Arboretum 55(3)",,,,,,,,https://id.biodiversity.org.au/instance/apni/486469,,ICN,accepted,Plantae|Charophyta|Equisetopsida|Magnoliidae|Rosanae|Sapindales|Rutaceae|Acronychia|vestita,Plantae,Equisetopsida,,Rutaceae,,,,,,,,,,,,,
https://id.biodiversity.org.au/taxon/apni/51438407,https://id.biodiversity.org.au/name/apni/202566,Cryptocarya whiffiniana Le Cussan & B.Hyland,Le Cussan & B.Hyland,https://id.biodiversity.org.au/taxon/apni/51438407,Cryptocarya whiffiniana Le Cussan & B.Hyland,https://id.biodiversity.org.au/reference/apni/51428473,"CHAH (7 July 2021), Australian Plant Census",,,,,,,,https://id.biodiversity.org.au/instance/apni/51438402,,ICN,accepted,Plantae|Charophyta|Equisetopsida|Magnoliidae|Laurales|Lauraceae|Cryptocarya|whiffiniana,Plantae,Equisetopsida,,Lauraceae,,,,,,,,,,,,,
https://id.biodiversity.org.au/node/apni/2916979,https://id.biodiversity.org.au/name/apni/69134,Levieria acuminata (F.Muell.) Perkins,(F.Muell.) Perkins,https://id.biodiversity.org.au/node/apni/2916979,Levieria acuminata (F.Muell.) Perkins,https://id.biodiversity.org.au/reference/apni/42942,"CHAH (2006), Australian Plant Census",,,,,,,,https://id.biodiversity.org.au/instance/apni/610341,,ICN,accepted,Plantae|Charophyta|Equisetopsida|Magnoliidae|Laurales|Monimiaceae|Levieria|acuminata,Plantae,Equisetopsida,,Monimiaceae,,,,,,,,,,,,,
